{
  "version": 1,
  "arms": {
    "exploit::generic": {
      "alpha": 1.0,
      "beta": 58.0,
      "pulls": 57,
      "total_reward": 0.0,
      "successes": 0,
      "failures": 57
    },
    "scanner::generic": {
      "alpha": 1.0,
      "beta": 57.0,
      "pulls": 56,
      "total_reward": 0.0,
      "successes": 0,
      "failures": 56
    },
    "discovery::generic": {
      "alpha": 34.60000000000004,
      "beta": 23.399999999999984,
      "pulls": 56,
      "total_reward": 33.60000000000004,
      "successes": 56,
      "failures": 0
    },
    "recon::generic": {
      "alpha": 34.60000000000004,
      "beta": 23.399999999999984,
      "pulls": 56,
      "total_reward": 33.60000000000004,
      "successes": 56,
      "failures": 0
    },
    "injectionswarm::csrf_candidate": {
      "alpha": 11.799999999999995,
      "beta": 8.200000000000003,
      "pulls": 18,
      "total_reward": 10.799999999999997,
      "successes": 18,
      "failures": 0
    },
    "injectionswarm::xss_candidate": {
      "alpha": 10.599999999999996,
      "beta": 7.400000000000002,
      "pulls": 16,
      "total_reward": 9.599999999999998,
      "successes": 16,
      "failures": 0
    },
    "scope_parser::generic": {
      "alpha": 10.599999999999996,
      "beta": 7.400000000000002,
      "pulls": 16,
      "total_reward": 9.599999999999998,
      "successes": 16,
      "failures": 0
    },
    "recon_master::generic": {
      "alpha": 6.399999999999999,
      "beta": 10.600000000000003,
      "pulls": 15,
      "total_reward": 5.3999999999999995,
      "successes": 9,
      "failures": 6
    },
    "bizlogic::admin": {
      "alpha": 4.0,
      "beta": 2.9999999999999996,
      "pulls": 5,
      "total_reward": 3.0,
      "successes": 5,
      "failures": 0
    },
    "injectionswarm::api_data": {
      "alpha": 4.0,
      "beta": 1.0,
      "pulls": 3,
      "total_reward": 3.0,
      "successes": 3,
      "failures": 0
    },
    "injectionmanageragent::api_data": {
      "alpha": 4.0,
      "beta": 1.0,
      "pulls": 3,
      "total_reward": 3.0,
      "successes": 3,
      "failures": 0
    },
    "injectionswarm::api_candidate": {
      "alpha": 3.0,
      "beta": 1.0,
      "pulls": 2,
      "total_reward": 2.0,
      "successes": 2,
      "failures": 0
    },
    "injectionswarm::auth": {
      "alpha": 10.599999999999996,
      "beta": 7.400000000000002,
      "pulls": 16,
      "total_reward": 9.599999999999998,
      "successes": 16,
      "failures": 0
    },
    "injectionswarm::basket_order": {
      "alpha": 1.6,
      "beta": 1.4,
      "pulls": 1,
      "total_reward": 0.6,
      "successes": 1,
      "failures": 0
    },
    "injectionswarm::redirect_param": {
      "alpha": 1.6,
      "beta": 1.4,
      "pulls": 1,
      "total_reward": 0.6,
      "successes": 1,
      "failures": 0
    },
    "authninja::auth": {
      "alpha": 2.8000000000000003,
      "beta": 2.1999999999999997,
      "pulls": 3,
      "total_reward": 1.7999999999999998,
      "successes": 3,
      "failures": 0
    },
    "web_scanner::generic": {
      "alpha": 1.6,
      "beta": 1.4,
      "pulls": 1,
      "total_reward": 0.6,
      "successes": 1,
      "failures": 0
    },
    "<magicmock name='mock.contextdesigner().enrich_task().agent_type' id='128599710138928'>::generic": {
      "alpha": 2.2,
      "beta": 3.8,
      "pulls": 4,
      "total_reward": 1.2,
      "successes": 2,
      "failures": 2
    },
    "<magicmock name='mock.contextdesigner().enrich_task().agent_type' id='136754589403376'>::generic": {
      "alpha": 2.2,
      "beta": 3.8,
      "pulls": 4,
      "total_reward": 1.2,
      "successes": 2,
      "failures": 2
    },
    "<magicmock name='mock.contextdesigner().enrich_task().agent_type' id='136757862199040'>::generic": {
      "alpha": 2.2,
      "beta": 3.8,
      "pulls": 4,
      "total_reward": 1.2,
      "successes": 2,
      "failures": 2
    },
    "<magicmock name='mock.contextdesigner().enrich_task().agent_type' id='134211667889808'>::generic": {
      "alpha": 2.2,
      "beta": 3.8,
      "pulls": 4,
      "total_reward": 1.2,
      "successes": 2,
      "failures": 2
    },
    "<magicmock name='mock.contextdesigner().enrich_task().agent_type' id='135639010505984'>::generic": {
      "alpha": 2.2,
      "beta": 3.8,
      "pulls": 4,
      "total_reward": 1.2,
      "successes": 2,
      "failures": 2
    },
    "<magicmock name='mock.contextdesigner().enrich_task().agent_type' id='133677428307968'>::generic": {
      "alpha": 2.2,
      "beta": 3.8,
      "pulls": 4,
      "total_reward": 1.2,
      "successes": 2,
      "failures": 2
    },
    "<magicmock name='mock.contextdesigner().enrich_task().agent_type' id='137307460511712'>::generic": {
      "alpha": 2.2,
      "beta": 3.8,
      "pulls": 4,
      "total_reward": 1.2,
      "successes": 2,
      "failures": 2
    },
    "<magicmock name='mock.contextdesigner().enrich_task().agent_type' id='137834401681808'>::generic": {
      "alpha": 2.2,
      "beta": 3.8,
      "pulls": 4,
      "total_reward": 1.2,
      "successes": 2,
      "failures": 2
    },
    "bizlogic::generic": {
      "alpha": 3.4000000000000004,
      "beta": 2.5999999999999996,
      "pulls": 4,
      "total_reward": 2.4,
      "successes": 4,
      "failures": 0
    },
    "injectionmanageragent::api_candidate": {
      "alpha": 1.6,
      "beta": 1.4,
      "pulls": 1,
      "total_reward": 0.6,
      "successes": 1,
      "failures": 0
    },
    "injectionmanageragent::command_injection": {
      "alpha": 1.6,
      "beta": 1.4,
      "pulls": 1,
      "total_reward": 0.6,
      "successes": 1,
      "failures": 0
    },
    "sessionhijacker::generic": {
      "alpha": 1.0,
      "beta": 1.0,
      "pulls": 0,
      "total_reward": 0.0,
      "successes": 0,
      "failures": 0
    },
    "injectionmanageragent::file_param": {
      "alpha": 1.6,
      "beta": 1.4,
      "pulls": 1,
      "total_reward": 0.6,
      "successes": 1,
      "failures": 0
    },
    "injectionmanageragent::csrf_candidate": {
      "alpha": 1.6,
      "beta": 1.4,
      "pulls": 1,
      "total_reward": 0.6,
      "successes": 1,
      "failures": 0
    },
    "injectionmanageragent::feedback_review": {
      "alpha": 1.0,
      "beta": 1.0,
      "pulls": 0,
      "total_reward": 0.0,
      "successes": 0,
      "failures": 0
    },
    "injectionmanageragent::cors_candidate": {
      "alpha": 1.0,
      "beta": 1.0,
      "pulls": 0,
      "total_reward": 0.0,
      "successes": 0,
      "failures": 0
    },
    "injectionmanageragent::id_param": {
      "alpha": 1.6,
      "beta": 1.4,
      "pulls": 1,
      "total_reward": 0.6,
      "successes": 1,
      "failures": 0
    },
    "injectionmanageragent::redirect_param": {
      "alpha": 1.0,
      "beta": 1.0,
      "pulls": 0,
      "total_reward": 0.0,
      "successes": 0,
      "failures": 0
    },
    "injectionmanageragent::graphql_candidate": {
      "alpha": 1.0,
      "beta": 1.0,
      "pulls": 0,
      "total_reward": 0.0,
      "successes": 0,
      "failures": 0
    },
    "injectionmanageragent::crlf_candidate": {
      "alpha": 1.0,
      "beta": 1.0,
      "pulls": 0,
      "total_reward": 0.0,
      "successes": 0,
      "failures": 0
    }
  }
}